{
    "loss":0.2189323455095291,
    "Acc@1":0.9208999872207642,
    "Acc@5":0.9994999766349792
}