{
    "loss":0.3435155749320984,
    "Acc@1":0.8746999502182007,
    "Acc@5":0.9982999563217163
}