{
    "loss":0.3435661196708679,
    "Acc@1":0.8744999766349792,
    "Acc@5":0.9982999563217163
}