{
    "loss":0.4004266560077667,
    "Acc@1":0.8531000018119812,
    "Acc@5":0.9968999624252319
}