{
    "loss":0.40045252442359924,
    "Acc@1":0.8532999753952026,
    "Acc@5":0.9969000220298767
}